{
  "segment_count": 4,
  "speech_ratio": 0.749203174801575,
  "total_duration": 30.001875,
  "segments": [
    {
      "start": 6.730375,
      "end": 7.202875,
      "duration": 0.47249999999999925
    },
    {
      "start": 7.591,
      "end": 17.9185,
      "duration": 10.3275
    },
    {
      "start": 18.01975,
      "end": 21.512875,
      "duration": 3.4931250000000027
    },
    {
      "start": 21.766,
      "end": 29.950375,
      "duration": 8.184375000000003
    }
  ]
}
