{
  "embedding_dim": 256,
  "l2_norm": 2.2085370908220887,
  "mean": -0.002021630180934153,
  "std_dev": 0.13801876305385088,
  "head": [
    -0.22710933,
    0.0699223,
    0.09919612,
    -0.20434314,
    -0.0468402,
    -0.22632219,
    -0.14090794,
    0.006247841,
    -0.05592034,
    0.027405234,
    0.11377749,
    -0.07392204
  ],
  "tail": [
    -0.123167984,
    -0.14732648,
    0.16984981,
    0.047689058,
    -0.044715367,
    0.018706344,
    -0.010903906,
    0.10315953,
    -0.06284194,
    0.1279184,
    0.20190841,
    -0.029958438
  ]
}
