{
  "embedding_dim": 256,
  "l2_norm": 2.487027189612397,
  "mean": -0.00818082727073488,
  "std_dev": 0.1552237699580072,
  "head": [
    -0.014635704,
    0.07223707,
    -0.20770884,
    -0.30646443,
    -0.045360893,
    0.13235542,
    -0.058884114,
    -0.050506853,
    -0.028955884,
    -0.04946351,
    0.051631033,
    -0.036055148
  ],
  "tail": [
    -0.17541476,
    0.15687603,
    0.19741337,
    -0.29939428,
    -0.20509183,
    0.14238471,
    -0.16545762,
    0.052139387,
    0.19415584,
    0.018797744,
    -0.13026087,
    0.34865823
  ]
}
