{
  "embedding_dim": 256,
  "l2_norm": 1.9103870121172195,
  "mean": -0.00007086164987413213,
  "std_dev": 0.11939916722965456,
  "head": [
    -0.03958331,
    0.0037297532,
    -0.09694438,
    -0.14215036,
    -0.019905314,
    -0.19250247,
    -0.2986868,
    0.1435427,
    0.030645711,
    0.20172921,
    -0.029997509,
    -0.06280857
  ],
  "tail": [
    -0.2107257,
    -0.111908495,
    0.07719177,
    0.06638661,
    -0.06807611,
    0.048392233,
    0.19865629,
    0.111853585,
    0.08045067,
    0.054878432,
    0.14310688,
    0.065765016
  ]
}
